075e7486-6227-eb36-fc47-882b40a12776,72,156
c63724b4-eca0-20ad-0f54-962405503138,1,2
8e22b44a-a907-4468-235a-249dfe6aeac5,12,49
42a6a840-a1d6-4c31-feff-efe93e373db8,1,4
01860584-de45-018f-12be-5f81704e8033,48,222
81b39591-f541-8c4c-fe12-b1c8ed44af9b,90,348
3fa65332-bd25-8e54-5588-4e41ce2dfaa3,7,26
25121d5a-1a27-64f0-5fd8-38c1e3e2eeac,15,68
cb931080-a6fb-392b-7c6b-354002442282,31,130
5d537d34-f04c-13c5-d235-8937eb902b8c,42,202
68d65b76-6bf6-6687-abfa-5efbdc76d657,54,238
09019d55-74e6-705f-04fb-ee51f3c04384,189,898
b42eacc3-138f-042d-45a8-7210e419a49a,148,558
4ec66e74-622f-a6eb-95ef-599413e41baa,39,148
30fa7e59-df25-8a37-9b65-129d9b21d469,199,428
4fbdd0a5-adfe-c885-2ad4-0f422c52fba8,54,260
650f3c07-944b-deaf-9bf4-e6ac063596a8,1,3
6de6eb4a-0a38-8ef7-5039-106512ae4205,41,122
6597638b-602a-03f8-462e-9f73673c1c03,26,110
fcedc0eb-2dfb-1270-89ef-199b73153e6d,26,101
694da408-4c74-6c84-b91a-b50476af517c,2,7
08f6063d-e0d5-4819-60aa-4d56c36503b7,65,281
0a4eff81-d6b3-37dc-4844-d84607b14593,13,39
01a8f152-a226-1b75-c386-f582e4d284e0,44,153
cc1149cd-ebef-91df-ef32-928067840ed4,4,13
c9efb077-91e2-ad6b-76eb-3b52364780e5,14,39
6f19798b-baf3-487e-50d1-eee1d9f5d2ca,30,138
ca6febb0-b439-36ca-7b26-7930a3cef3d0,90,398
e51dbaef-0a82-2bb8-73d9-bc96137a5362,29,123
22a10d62-33fc-4289-9ac6-78eeb5d7422e,70,333
732805bc-eb02-a731-b64d-f2d06483e986,34,140
9ab7592d-9c45-0851-31ec-9dd4e313089f,3,11
3cddf69b-b116-f9f6-e467-d01e961e2ee8,40,150
6e5133a4-ec1d-0087-78d7-059af6536dfc,425,1803
5b02472d-c8b7-9ed0-62fa-e7f83fef3706,5,17
b3b47e22-a7e6-3486-44b6-9c1c876131a4,445,1830
a7be101a-8540-8e50-04d2-ffc6dd275b93,3,7
45217136-f081-c892-a1b9-d29c69e7a234,17,68
422727f9-b111-3135-04da-97d90d2a7ea6,93,422
934214a0-baaa-6a64-8237-3f3afaebd6a3,47,216
7873e3fc-d6b9-12c0-56f2-8b0f437ad0c1,164,617
69bd1f45-7f53-1e4b-15c2-89072b934e09,1,2
c690a615-6d12-2b17-51f5-ba8f82a4ea8d,115,453
5f07fda0-a857-d289-3f54-785a0e827c55,47,159
023983d8-db5d-0694-e7e1-bc12a462ef08,100,472
3f5dc44e-dee3-cc46-42b9-12fc3dabf337,28,75
9fdecd67-cdef-f0dc-f11e-e9b746bd1510,19,64
106b0cc3-69a5-1af8-0d76-b389eedcacb4,40,167
6a170241-eacf-5299-7eef-5a2951ac629a,1,5
da553a43-3ffe-582a-e0d7-ba74249bf099,731,2552
9ef766d4-e21d-7bb9-d97d-cf9f221dde7f,13,51
3cee24a2-c930-2377-f7ac-7c355e019305,65,288
b9c5b9ca-bc9a-277b-4f97-2d3db056b9ab,78,174
56d1099f-c71a-0156-d1c7-ef03b0527365,2,8
c10f46ac-eb73-6d37-7a40-cb667eb7fdb4,102,446
e88ee79f-67f3-9de8-e120-76da73a2038c,33,125
3597818a-a1d9-dd17-3b26-5670a4cce85f,389,1500
1f3166ac-8890-df9d-7ee6-59bce9b77ca2,31,147
3a9a6177-e5c5-5f08-45ed-0c88fd2bdcda,57,253
c29a27d8-2c9a-1ed0-39e3-f1a1d6e2d3f3,10,41
c9dff740-d09c-0896-9d27-b5d237581f23,20,62
f3db1a89-8fe1-377a-7708-0331109cc663,16,58
ec1a5ca5-fada-1413-1d6f-debb3a65d18d,7,32
e20c517f-0089-5b80-13a8-d6b5708000eb,24,89
6eebe7d1-9b38-578a-b51d-5cc0794ce1a0,30,136
d3004a55-515c-cf50-5794-7e7f024c8ce2,26,117
7fa0c2a4-56a8-2d73-bd2f-a058ab35b674,42,80
049304aa-1be9-7799-88e2-620da76199ac,669,3169
254983fc-2a89-40fb-3be3-e56abdc7a3b2,26,118
f9e675d2-4b69-3e68-4dbd-507f570bd831,10,34
1735f781-3a8e-28fa-1386-f60d4882d0b0,1,5
73937184-29a6-e6be-b5eb-6267163448fc,8,32
76684bea-56fd-5fd3-aabd-f76247099faf,2,10
e9cd39bf-1021-d29d-d35d-d2392320073a,71,284
68415c07-9962-a178-0790-d982d90d97f2,86,349
5fd03aed-a6e8-a7fc-7204-fc2fecb68b96,168,671
8b18b6c1-c545-04b2-d96f-e0aaaa982fc8,24,97
c3a264ff-6f02-707f-2e6f-8a369003efc6,12,26
94426ddc-deaa-2ae5-2bf9-6dd59fe1b27d,29,126
3baf0c7c-9caf-a116-a200-7b543e56f9be,25,105
e81ea9c0-3c85-aebc-fdc7-edaf19a8d4af,72,293
f75ed11c-f762-7ef0-304c-068d46a94c94,10,41
600b9098-0373-a68d-58a2-e6bb61b766fc,596,2366
7c52ee7b-b6b9-0d2f-a2b7-83ca79700285,200,644
0886fc24-24b8-41a5-1f58-6abbca7b1711,18,80
51ddc224-0aa7-e1f1-76ca-69b5c9fccbb0,42,183
552d8675-0a63-8acd-5f81-6889818156bc,45,164
79ad669b-dfe9-b4ea-2ac3-4d7353d21f43,31,101
6dec0714-5e5c-4dc0-23c9-e71e5e401570,64,285
e377b5c1-7083-c99a-55b8-f705f853985f,159,664
d5f47f47-7bcd-f65c-a119-a783daecfedc,5,17
673326dc-f0cf-5ea5-df61-a3e728b4aebe,57,217
2fdbc9b4-8eee-056b-94be-d5ddd9533c69,31,137
8be93a27-c741-558e-646a-6d801e8320c8,1,4
65cae6c1-8b2e-2754-a866-7d27a12a5578,54,245
fbe2a2fd-73b8-9a66-c4f3-4fd43c7cbd57,82,274
ebae095e-33ea-d39e-e15a-508607fcbec6,322,1485
a2e2b0ec-af01-5e64-63e3-1dd4c98705f4,30,130
74defb0b-b67a-3e55-6f32-9aa0127d53a7,3,8
23fbf762-7d5d-ef47-87d1-a7a6556f1f0d,35,150
38aaae4f-579a-5bb2-4c67-3cbed8ebfc1a,30,132
f1dc6ebf-3d93-9c58-9eef-e3629f1c4a21,2,7
a8cbee55-1589-de10-9bb4-6dc61a78d0cc,86,287
cd775faf-1baa-630a-128f-8a8502952d37,11,49
fe4dec56-711f-1f12-73fd-efa315e26d73,4,16
16db5173-a5a7-ea44-c28e-449cd8233219,12,44
51da864c-e1b3-d1bb-109b-20753eb1068e,1,3
717002f0-9d65-1a0a-2407-56ce300f999c,14,65
5f90789a-b3c8-11f1-8b02-b5382301b205,24,96
09628830-3197-f593-a764-6161d901253e,377,1715
728fe93c-9fb3-ff07-8195-8cd5e1bde00a,212,833
fc0547a2-aab0-4d2a-d439-d6a4adde9544,18,70
0cbef047-b28e-6044-a7b5-e15a73d89916,11,43
ab388572-bbd5-b441-1f41-f766132735a7,29,122
54bded79-b723-ce33-00c4-ff7cc6e0757f,34,158
dca69c0f-6755-a49a-ae9b-42afab60ed1e,77,349
d16544cb-d0de-9b4f-6b95-4cc317b653ce,59,225
894fc325-1eec-ff26-b0ce-5dbbd65d4d59,150,605
221d02cd-90ed-7aba-8b5d-5c266444cacc,149,696
14554269-7489-3598-16aa-f9c42162b892,262,1175
3cc7f82e-1eac-205a-0ef6-397a1837c75e,561,1830
ee7bd1e9-0571-f2d6-6fcc-9c6db4a63944,1,4
247c14ca-5b4b-72ea-ace5-a8be67bb8f8b,192,769
60f18cec-5270-d9af-2198-610f52b41f92,99,427
34b4cfa8-efb8-d1e6-0b3c-5c82d9e558e8,876,4096
45a7d4af-ff70-f2b8-9b95-3b662d89090a,76,255
c3d9fda3-5856-8839-b29a-d1d193587538,85,387
35347987-419b-e0b2-e2f5-781842e0167e,20,92
b5912b4b-9932-a699-6535-94d87691ca1a,34,155
70e759e4-6919-3385-ddfd-c62e39d63529,36,151
b6365e20-0b1b-01a7-8314-d6e8123b3898,10,43
cbaba329-fe41-d43b-0d67-0555d9d8625a,19,73
0079518c-82ff-0bfc-ba93-b4023bb29a02,34,133
9428c5e5-6b85-466c-58f9-8054626413bd,3,11
46060b0d-418f-7a84-de67-733766cba1af,4,17
4697e7d0-a534-9e5b-8e03-98527080fb73,102,479
421aa77b-6a58-f10a-e4a8-9b3456462b3c,3,10
b807f4e1-ce14-63fd-babc-8fd70e48cc69,46,152
2da8c183-2ff6-761d-2773-a887d900c3b1,218,851
f6ef330b-c690-e762-ee9a-1ff8f76e8eb5,58,227
4409f094-846e-a511-276f-af4422fb43e5,17,70
b1e5e7f9-d8d3-61d9-cf48-b69e6b15c0d2,14,61
63a903e7-c072-041c-d72c-ce74f78d4c2c,3,12
e8f6dac1-08e3-1aa4-d9f1-271c55ed3326,42,157
a7acb268-f3ae-7c52-9e54-d9d8fc6bc619,5,17
5afd27ad-e17d-9be5-a522-c1302ea3fc58,375,1495
258f5732-bd18-aeed-6f30-5c13d10d5693,129,536
9e02206b-ba12-31c7-1843-dd5912a4cacf,37,60
348466e7-0563-8f12-3031-21133823a83d,1,3
78edef03-6567-eedf-d287-6e25163ff4a6,78,251
8e314bbb-3874-75af-a7bb-3e8bf9353026,115,453
450b59b3-87e4-5d6d-0e93-aa97a2bcf9c8,16,71
5c1de767-3602-1c43-23bc-41c3572db7fb,13,37
eed4fff8-3d5f-8a74-f356-3780d921ac84,1,4
6314120b-05fa-2fd6-4bd3-661bb541cabf,2,10
2dc2adff-0574-0e85-dc84-809d474d2454,104,475
566329c5-ed3f-e732-1ed1-f8106c181288,27,130
7b4775b6-d9ca-2a5f-92ae-6936a173ff77,34,108
e74de699-9ec6-afe9-5f81-ecba10641afe,20,92
65feb753-0b7e-28e3-2f8c-38ba935679f3,189,711
006ce2e8-9a09-5920-dc82-83ff51b0906a,417,1890
c891e795-9730-cf16-e327-e585bece4ce7,2,2
8c6ab766-d304-2ed1-7434-a6f7a90eb3b0,2,7
ec1c1f91-219f-6488-20ff-cdf9f528e102,113,464
f2cdd294-b6e8-f216-56cd-f352a41a0946,157,617
dbb27f19-a798-5724-5b28-e87fc808732c,69,241
7df2f76e-5d6b-1768-1c7f-6cb14b2769f5,39,155
1fefca48-09c9-2e9d-f308-4289dc3e28c4,32,143
a2a528fe-a5b8-412c-5cd8-608eb1372958,17,69
84f94c13-11be-02ab-78e7-2a9806bb5f3f,22,62
6cf489a9-4915-9e55-84cf-728d56fea2c6,19,71
3152d3d0-372f-5f77-87a7-90aed9130125,193,380
fd1e061a-95f0-6dfc-dcc5-c4e51f46027c,1,3
1ca365d0-0769-02b1-01ec-1f80cecfb223,7,22
0a9811cd-fb90-5c39-5c83-4a01e08142e3,2,8
4a6d396f-d9ae-fa4e-f32d-31261d42e3d1,4,19
4dbbd358-8f91-84a6-7c8a-dabbf6e25a99,3,8
15f1afb1-0cc8-602a-cfc2-a10c2ba89084,3,8
d7c82d6e-2741-0218-36db-9bc39509ba7d,9,31
f6fcb214-5e95-e079-ddc0-1012ae4666a9,32,127
187877d8-2008-b0ac-d4ba-10e141d87b81,75,347
5385d78a-d7dd-ab3f-c815-5a915a71fa9d,13,53
6b047cc5-5112-ff6a-ce85-099427cee0a1,20,74
8df1aa6e-0116-e10a-1bbf-db4f3e84808c,36,167
f671ee30-a395-f110-468f-1a9a660e2c42,9,30
c89de39d-6cd2-5957-fa79-c4280cdf4e21,13,43
06135f60-a361-6799-521e-e3207fc0ac47,109,460
515ac823-9c4c-bfa9-be49-8a3c54978550,20,64
aadded9d-2e50-9142-28a9-0465069e1a98,29,99
2804e540-070f-454a-8b8c-f9d97ebd77f1,3,11
7d70ae8e-e428-7624-cc06-761954d83429,10,42
7f67d13a-cb69-affa-bf31-e0bb5d8653f7,25,66
3dc0c3b0-77a7-6ae3-2c32-2ff77a22fd5d,86,323
b838c5fb-06ee-b9c4-a765-82a8f4667081,64,266
28b95657-2bf3-b887-6033-7a49edb639db,27,111
50e556d3-43fc-8a9c-b281-10a2fb889ad9,16,48
cbee5207-8a84-38a6-c73d-ab12e607de58,303,902
a1411385-9f9f-4299-46c3-3cb1da630a22,1,5
377804cd-22e4-a2fa-db49-ce90076bd92f,31,100
b9865072-f2df-414f-d717-d5ef2b180c48,6,25
53b71bb3-e5ae-bde4-e61b-24713e2b0daa,22,65
72b7c50f-5609-9929-7c58-ac3af31683e2,55,251
b456249b-ee20-024b-e69e-a440651b288b,151,284
92a7d496-0a8d-4057-0325-5a91dd8522c1,297,1272
1863dbb9-bb41-9d73-c831-a328421f022d,190,806
8431001c-74f3-0747-f5a0-3066e9093468,8,29
b4a9f5dd-b7ac-48ee-9c75-107c3f375f77,10,49
e72cb065-30e3-0da6-5719-e3796be6ddc6,6,19
9af30b42-6836-1c66-d2bb-e54398a80526,2,3
836c92e1-d59d-004b-110d-9444a283fe79,33,86
ec02a369-ed6f-7f7b-41cb-cc0fdb04b082,11,43
3b4aedda-5b5c-8c59-d4d0-f9dc43c30302,72,293
b99400b3-a53a-3a1f-4c41-84e42d500d23,104,435
b3b7d44c-c7a2-bed7-feee-83c8d3697a99,56,226
37c9e22d-913b-424e-36f1-339c6456de42,30,124
abcd0734-8efc-6c89-ea89-e905973de5f1,34,63
f303cf93-e781-d7d6-ea26-b4f37b3a46d8,10,43
bcf9b1dd-ffc0-f50e-2e6a-199a44954fbf,136,558
bbe0154f-63ad-567e-d8b6-c8a8ee90271d,21,49
e5bd116d-6766-eaf2-3fce-f263fb311c14,82,362
bbeeee6c-0785-3639-e26b-b0ae4be25985,24,94
94cb1970-6598-a8a2-385d-7b8e755e4e68,7,24
215d263c-9310-fea5-4c14-48f524ea6652,7,26
63ee9557-40b0-5a4f-d700-8aa18e2a9e15,15,61
7af6a4d8-cd43-616a-5aee-528afab90eaa,2,4
9c7e3f00-f2c9-6f7d-78ab-3a2883c8af2b,4,9
1637a915-c934-34d6-0c2d-8ca3fb59c49f,121,466
7f443c4b-d2a8-9dfc-a8f8-52c326f5f444,39,175
88b845fc-3a4a-9f8a-223c-aad757bd2c6f,73,322
1207335f-cd16-d6d3-5881-6e19b398fa5b,1,1
a58c1ba1-b20a-63ce-4706-85a17e0a39b4,34,146
11917dbf-b009-a870-27db-b5e492c39ba8,99,432
42bb0490-4f0e-e699-8a25-f284a15bd239,99,445
38e3a2e5-1482-83ee-8805-b2b508979a14,45,133
bb6a3fea-115e-4229-f5cd-b6158149c012,36,144
8c6e9ed0-b8ec-0d44-3a5c-1602f7624cad,126,525
45fc783c-0450-dbef-0c3f-e51d2f3bfe86,121,506
cbd354c5-bf86-9002-223e-cc1c30fd7999,11,42
5f5cdc0b-d419-f4c3-bf3e-a2a7302d5209,4,13
2d77c330-e3be-3471-5d91-eaa9f0858795,11,46
5b2eb210-b092-3f9c-de29-ea388b5964ae,20,68
aa263991-176c-eb1c-debe-fb25c1e58977,81,344
ee04ec9a-227e-d2f8-5f15-b34290978191,8,25
f871323d-4d3a-f793-74f8-60bf062378a8,76,309
bed1cfa5-6c0a-fa4a-745d-8ba4f6d48945,10,50
5c7aa604-c9bd-155a-9ceb-ccefbf533eb7,32,148
7ccd530e-88a8-5ee7-64a5-ce548e9b63c4,5,24
3ff29467-6325-2d8d-a8c5-8f9b56fed43f,193,769
e73b51b3-a4e0-d1a6-b81d-04bb9f6e0935,8,33
b3998f92-4095-4e31-d88f-e863e49feaa5,122,451
61845aea-617a-d0b1-c81a-1c8c246cac97,12,42
c6118c4f-228b-25d9-85e7-401bae6b10e3,25,71
71b8d3b8-c5a7-81bd-4bf1-c661d9fdb358,20,88
415247f9-9f77-caf0-e235-616696071611,4,19
047fbeb3-6ea7-fda5-e59f-8127cb2aa4fb,134,577
d0ee7372-17e7-5bbe-8387-aaffb97cbae3,1,5
d88758dc-bd2e-3ae6-9b0b-5470504d9802,11,36
8dd50b25-03b4-1b8c-43f1-fc5f718d7e53,104,340
dd87656f-965f-cd77-5280-a713196b3ea9,18,79
30498738-444f-61ac-570e-8d386c663d77,2,8
7e5f80dc-64f3-3587-12c2-99961ce0cf2f,43,190
4daee33b-4898-89a4-1c19-89b36213db0e,25,112
2627b508-b5e5-076e-f409-143cc3d96fff,17,69
bc20c63c-615a-8c27-bc09-05219b6a88a7,50,218
c84fb547-e04f-542c-7952-7cab1348ec1e,45,181
0b5d8b0e-d056-a315-1f63-f1ffcfd179a9,35,169
1e8726de-8545-de50-ea68-f5dd14ac33ca,2,7
a7988991-55aa-8805-a47e-1a4b0ed33fc2,45,191
b4bdd50b-37fa-3567-d6a3-c0566d6c8897,15,71
6498d01c-14c5-152c-bf86-7bd76f91ed12,27,110
b894a9c9-d5c0-bef7-95f5-593fdc53d294,34,148
b36cf120-9885-97b7-5497-468c953a356b,180,814
53a4a795-c311-c428-17c5-d8877bbcf10f,134,498
cd41df3e-3b03-9775-9d9e-f9e79bd1d5c7,2,9
4adbc99d-0ec5-7ad6-e419-a758760b8a74,7,22
5d12ee2c-010a-b242-9556-cd5d52159d37,27,115
9c7fc27d-ef7b-22be-20bd-a2da6bb5800c,3,12
c2b73f9c-d018-72ae-8eb7-7a9cde6c9e20,23,96
2271980c-a62f-3d63-454d-bfe557c5468d,76,188
5e553bb2-acab-5189-0a39-1ba15896fa30,56,221
07be11ee-fd9e-aeaa-8316-bdada57abcaa,255,1062
4a82d23e-0b3b-8a0f-f001-420e4e0d6be7,2,8
f2ee16ce-7499-e451-d7c5-f2e6d11d9a79,379,1534
00134185-aaf5-fcf9-3244-5e5fce42f4e8,84,319
729d4e05-8924-c5fa-314f-7635b015e55f,4,10
2b90b846-b81f-eb0b-4d16-5b08c20fcdb2,230,826
b2dab5f6-76e9-fb0b-04b4-d4e47e7f68f9,78,174
18980741-3cdc-b4bd-f90d-92ba574d768b,230,895
174911f4-acdc-bba7-7e5f-657c82df5162,1,4
a7d8dc7a-38d1-0e2b-8843-a7b1be18fcdd,113,348
2fd24f8b-5709-2cb0-510d-b311b630a1aa,165,724
40df2d43-3d04-4fed-c13f-153cfa0fa9ff,51,211
9e2e591f-9bae-8ef4-544f-c89da7f1d493,197,699
8acde385-3fdf-4048-07c8-0d1aaf2166eb,82,369
e4d336eb-3cd4-2f3e-c1f0-30444179e77c,46,209
6ed81fec-ac47-054a-3ee6-522862beaee1,1,5
843e3576-fc75-0c8e-ea6e-6c4fab6860a9,127,459
b208ca58-e983-9bc1-a66d-78ca2b4d0f7b,9,35
56c1337f-40d9-e58e-b66e-f462aba42708,78,206
31e486aa-12e3-398e-744e-01c8990bf835,6,18
e1bdd986-3a67-531a-2387-2a51754d937a,7,17
7d9e7e8a-737a-0641-2bef-f8fe9435725b,43,183
8f8e0236-6439-ef98-fd3a-20016ace3e15,33,108
e85620d2-dcba-ff33-c25a-4afba8cf007c,608,2125
11c97a51-5718-f1c2-d37a-d1a403a62954,7,31
e6b57c44-fa40-c4a3-f0b0-7ea8303f91d5,90,434
30f17fd2-72be-6bcf-8137-c0ba36f1b378,103,472
9fec0c0f-6056-c09f-44bb-f3c4e10b2cbb,26,96
35b0e9f6-238f-1e7c-d256-3370968cc80c,25,100
262ebef4-0626-4758-d0cd-4b72ad1526a7,144,605
b7eff3f8-e81e-966d-83ba-b4f65f02dc45,12,45
9a8c362b-aad5-e101-9a14-7f5907ee75e3,16,71
73858781-dede-17b7-e27d-268eca0534df,2,9
1460fca1-3172-af03-b83e-f4812168f1ec,3,11
f17266ad-2e82-28d7-b9ac-8d95ad2e4ad0,93,437
17c6ec3f-2257-2c6e-1fa6-332b1622c94d,78,240
0c27b44e-ee79-fd3e-c846-2029db5abd44,43,91
97bb765b-5532-0d62-1875-23dc7e9763bf,33,154
b19917c6-904a-30c5-0684-0d3c18a74ee8,12,46
14eec55c-ac8f-9e80-3b87-f652c37fcab9,76,260
5b3a5277-23a6-6450-4c3e-e84af821ac2c,48,159
204b0700-7214-3809-9da1-fe5499113b20,167,799
85d8dd05-fa17-c4d2-0d79-21354464ba70,5,24
48fc677d-4223-edd1-bfe2-1b7b9b8bf4cc,8,29
04567070-825f-9829-4af6-7acb699ffc98,159,568
530d8b32-45c5-1e00-ac80-9d352fe99161,90,338
cee92dee-f582-7ff0-be9a-d7e170b09de3,25,112
2827d7b6-1a3c-ec1d-166d-f3669ffa1041,15,62
663faa8e-d718-2955-50d6-94a3c9924809,1,5
092fa91c-2905-c3ad-4f05-cace7391515b,2,7
852c01a0-3d13-eba3-7b7e-8003c9751f7c,50,216
0f0df45e-0a11-1cf9-7cf2-ba7dd168b11a,126,506
08f1f704-7a98-e073-37ad-0bcf59ac2d51,30,126
20ecfadf-81a8-3f9b-275b-bf305078c80b,68,225
bb22bf56-6c35-aea6-6a2e-800f02f9cea5,121,370
8ca9ae06-dfc6-ee6b-122b-10daea445824,38,185
10465473-caf3-3710-dbd8-0b913938abfe,29,133
a33f4a98-477a-5978-d325-9fdb098fdb5f,93,389
a80ba383-5297-34fb-657a-3d705b53c4bd,3,9
c308b8d6-be80-a9f0-c2ca-d22f39d1b8b5,20,83
46a17ee8-b147-059c-334b-343b5b32daf5,14,55
5b6d8c5f-04f9-9d15-c778-77b4912bbcf7,132,471
fb9d0c29-adbe-0e92-e83a-e789b1bcfd90,24,101
928474e9-1b1c-46a1-78a5-e876be4d8215,84,271
17b25ff6-8b54-6cbd-9e34-781fa415140a,17,78
bddcd278-6470-0590-530b-f66d4244bb3c,26,126
c81f5f3e-c0f2-b1f7-8606-2b632148ce54,61,262
a2a58b27-811d-0c94-871d-93a260d1eea4,67,215
963e3b97-f9e0-7e1f-9573-303e747c8234,2,9
c45c4ec0-2fb0-9143-f590-2455933d2a2d,18,73
e54cb602-3484-2274-4a98-dcaed07e4269,107,470
01d92cf2-48c0-51d6-637e-39e2de956d9b,130,571
992c6a05-979c-a194-fc70-7d01427c93be,68,304
07114fde-64eb-a4a6-9bd4-e3d524be5d05,45,190
2d98029c-b213-6bc2-0355-f8ac936c2607,23,92
4d1acd5e-85cf-19fb-4d17-d26a7ce61909,32,129
e8993bd9-ba3f-5b0f-9f11-0f75e8c92fba,1,5
65d63c47-d91c-59f5-b131-7576e3a7b179,1,5
2a0be503-cb34-798f-14cc-c9006bc80229,4,20
a74bb661-e25d-a4ce-9e0e-59695dd71f5d,15,51
ae45bb31-f806-d2b6-29dc-d44ea0317e68,7,22
b43a3d53-73d9-0ba5-8cf4-3d52faf7358d,64,295
fc75bd25-9e23-6f6a-6d61-bc296db7399a,287,1309
eb447714-51b2-ee0a-d139-e4b054d52c85,5,22
7e7d6cc2-5561-cbed-42b0-c73df9b3805b,160,606
8c4ab0f1-9eb2-a796-1157-ba8e56a424a7,1,2
ef675607-5a33-7183-dddb-b1b56c2563af,6,17
c8001953-c707-0688-2e18-fd6f9f5873e6,18,39
08193c5b-4f85-a3ff-620b-12619f072060,315,1354
7b3ed40f-d034-6d25-57e6-451787cee1ac,3,12
2357d190-27aa-ef0d-d75f-d1d1d9b52c43,366,1723
bf877277-0261-a882-3d12-959aad4c03f3,4,14
52db7a84-24dc-1a56-c09e-1690687c9e70,46,203
1cfbd497-59e5-eafd-51dd-adc11bbf9896,31,101
b71f5e20-2795-3643-f039-039edd262f8b,9,39
46fac5e1-21da-5cc1-c4ab-c2d53f287012,49,161
cd068c82-bf22-d245-3c20-6900450bf327,2,2
0f600bcf-2956-b561-15e8-31370a70914b,159,647
1474008a-adae-f921-2efd-986a8c30fcbf,72,332
222e47cf-f296-a0a2-9ba6-4efec84e3714,2,9
1e982351-f97f-8bd0-2f5d-a16e313d507b,23,93
d3980ed8-38f5-16e5-b90a-31d3e1988cb7,2,8
228e1f5f-e1ff-02ef-b0a5-f738570264b8,59,200
7c9bcbeb-7caa-de7a-72f4-a414508cc309,367,1390
6fafe5a0-38e1-1714-7584-c1b27af125a8,46,211
2e906d68-0285-0d6b-a228-31d7b3bfda01,3,11
ea5c3812-529e-3560-fd64-1cf218967238,3,12
9a642808-6737-524c-4b46-0ea6276e5dc0,3,15
ee835707-f627-4f84-1c5b-049085b8500b,6,20
0682855c-2410-dd78-b3ad-d9a92588b39c,125,485
0858c8c9-03d1-6183-3d31-dab3bbd1baf3,45,199
b9822d6d-6f60-fd67-afc1-d5dc082352e3,17,70
3fc51ded-a63e-bc7e-1905-1383f172ea3e,66,260
a94773a1-0b64-b2c8-659b-0d4a78b13350,24,115
225c6530-de35-26cd-e6f4-4672bfecbe54,1,4
83f6eda9-e762-948f-d65a-284711ab5cda,2,9
f52fc313-be96-c6c3-e614-c70129347461,71,283
b283fde1-f539-7607-d16c-620431d4715e,131,556
544c7e6f-1f30-4987-b480-750d01eb5cf6,82,362
e3537a99-e61a-a303-5ce7-c6ad70a8b905,6,21
12ad2288-875b-975c-5eb0-f356c927a32f,42,196
cf9a8750-67b6-9903-4a50-0130b0c072c8,6,16
f787cc60-7837-ad47-3bf2-2112dc4c5761,16,51
0359f27c-f44f-be21-c935-161ed4f970b9,31,132
dee70aa8-3b5b-a55c-054e-347e9a05bed0,9,33
810065ad-0519-558c-fc57-7e241bb529ad,13,22
76f4fbe6-92af-c1d4-1a5f-75126c095f4a,4,17
46207dbe-3157-fad8-449e-3ad471093a40,1,5
e2463c91-9c9c-32c3-2c20-a5bdcc10e0c2,25,79
90f32baa-c1dd-7150-c7e8-6a4d4a44e82b,77,338
691febfe-f271-55fb-5827-e661db174dcb,25,96
cf01db0e-dfe1-f55c-a3b5-fb1aa5224cad,126,336
c13103e7-7f62-b65a-aa2c-8a04506c78a8,82,331
2a10e758-4134-099f-3f38-ca5f3878a0d4,34,139
53c8606f-2d67-610f-71ed-1ec6f82d9da7,22,78
40cc99de-f4ad-436a-ab5a-5d2cdeb463f7,382,1656
18c48d0c-49cc-0eb0-9a66-1f405cdc3991,10,43
c3d5144e-d2fb-cb6f-9e40-a984959e2cfe,11,43
229ba2af-3a41-3a52-4837-debff5ee0a9c,17,64
3ac6dcc7-2c68-c5a1-906f-ae03814ae6b7,152,718
edb438a9-c56b-b9cb-3ce3-b1e9a5542387,21,75
e4c178c6-24d7-9886-1556-8f04e8f972a2,609,2062
fc0696c5-1349-3461-0e24-2c78afd6fdb3,1,5
6e0007ec-0153-ac5a-6ac7-a16d120a7a9f,1,5
e9bc0284-e585-7b37-856e-86b7bbcca67c,101,476
e1d08553-16cb-7fa9-0ba5-767ed99c725c,54,215
2933e241-69d1-ffcb-125f-4b27e16e73da,67,243
71dceefc-dafe-3e0a-2834-ae788be9cbbf,29,129
aceffe22-ade3-19e9-94f9-8c87ffe48f4a,102,440
d67278ae-47d2-6af0-4314-6ef30446ec58,4,13
91bcbc5c-602a-0edb-f9a6-b16ee6987154,2,8
c91fc9ca-1bc9-e1d6-305d-494bf844ef6d,6,26
22f450be-13b3-468f-c94d-3809c747b281,591,2462
b2682f30-3c12-7ef8-e937-bda0f1e5caaa,10,45
0a5d290b-cd84-3e2d-0fc9-384ac6760520,190,795
fe5876db-f379-7123-7cef-47e530ef516e,10,48
7d01c1b2-3969-d25d-08b2-98489186ed87,16,47
b192fa7e-4c57-6ca8-ce22-240343feb0cb,10,44
803c8566-9f28-4cf1-4e74-83709e32e018,21,92
d4acc6b9-f9b8-708e-5f7e-9df19a24bf5a,119,445
63b50a09-db23-636f-0e71-ca0eabaade3f,3,11
cb8f5087-ad2e-8d48-fa06-cc2ae7e5f222,3,12
d020db3c-1f64-abd0-5ec6-ac65d885dd59,64,236
49d2c5b5-bd9c-e223-5213-0f18f34530dd,72,312
73d4155f-006b-bd79-d65a-3a3e59a959db,4,19
29387848-01a4-340a-bea7-2184cb844021,34,146
d290334e-c4f2-0729-5bd7-8203d2f84aa4,90,430
df6f931c-71e3-1063-ddf6-a6abfedc145f,6,25
7ab08a63-f6f5-0e01-69d8-23ee50cfb3f9,12,43
31b0d24f-3fcc-ddb5-7817-c262bd31b59c,17,82
6d682667-95b9-9232-a748-20f3b3f659bb,150,625
06f47e6d-7a3c-e051-9f56-aa0b5842a2ca,66,260
06073628-5d15-cb25-f1d5-35c9a7ad07c0,1,1
4c389164-6b36-be07-024d-8fb57a38290a,4,4
38624efe-7a91-6bf0-b5cb-d43eff601dd1,93,338
cbd940a4-904e-a8ad-d062-1f0d8e5c6a7f,315,1354
2f318558-4158-4ec5-c9b4-0d96d3675845,163,747
380c8449-0956-7a38-b1ee-22cc8f76a9d7,6,17
ad03a15a-36d3-fffa-5404-c702560c4760,4,18
8db5f94c-409e-b9fa-43b6-753b24dd8ee1,24,95
072e3df5-e2b4-3c91-96af-d93b22e4858e,17,80
68d0fdde-afa5-13de-36ea-68b87819b2d2,28,95
268186a5-eb34-b89d-f859-80c766ae3747,315,1354
fe554164-23e9-2af2-ec03-2c48af0bdc6e,63,273
a85eef94-e35a-5c7f-afb5-3ade052574cf,13,47
f93c4e00-2429-63a1-0365-535fb6d2d5e4,35,137
474032be-253c-7bd5-6e16-34434858f41a,78,334
ca0b68ec-8b24-6519-3c92-5a11eb3ab289,290,1385
6732440b-06ef-351e-6a5f-aea5fedf0cbb,11,45
26307526-1dae-5a03-d8c6-4851ac307344,3,13
a7da1c7a-6716-e52b-0a3a-b591e8d1c68e,158,601
dc387520-80b5-c06c-4d0d-57bcdc685644,34,160
6836a4b1-98a9-2b34-3844-6fd4e67b0289,22,106
0ab08bb7-b1a7-3710-739d-06b246df5cf9,64,281
e787f23e-831a-8f4a-97b2-41ca3a4cdc93,1,5
1857da4a-bdec-531f-5495-569739217d2d,47,199
cff61c3c-a245-07b7-e750-004ac8d2f8e4,66,317
48889115-e794-8efb-0c3d-580bf0c44c31,379,1565
5a523ea3-b31a-0f28-ec52-97e19810d77e,33,138
ddfd0ac7-5f75-088c-c02d-1dd6949f0b49,75,252
6e47bd1c-513b-42ff-7eb0-47888fd0df5e,199,428
ad98b244-0a1f-3a32-59c1-f60b0524498f,1,3
ef646188-3a5c-a6b0-2445-35c664f0c317,218,791
710a1682-d476-1f38-54ec-6b726dc13684,112,501
795924d2-fce1-9bce-b23b-0f4d5ea8f336,90,221
9b60d94c-010a-b497-7343-e3f1bce78fbe,38,164
c211719c-ef66-b8a3-fa96-a05b6ed10e8e,11,46
694ae5b7-a265-055b-7421-c6f0440fa076,10,47
e7bdc757-8608-aa53-747f-e29a91be0167,1,5
bc97a1dd-b894-4b22-0676-2364f898b695,22,98
69262b3b-0608-323d-b95b-5d079905472b,47,177
04658919-e5b4-cbb2-6454-ede0f74f3d95,441,1874
3e3abac3-df57-d288-74bd-8cfacff2f8fa,10,22
1a16ad94-3cc2-f916-13ad-7299d2799051,38,159
99aac3e6-b468-659c-9ecf-85c696ba9163,8,24
5b8d83a8-c606-52de-3f94-cf21e41936bf,102,430
377367ce-528c-a488-b46f-9511f66779eb,379,1160
76555964-7a01-fd0a-3e26-7a8a8e992f9c,3,14
40328e18-e3bc-19a9-9c5e-c0746e3c63e7,1,4
8819e208-2a6d-8c38-76c3-eed4bbadbfdc,3,10
74275194-a01c-155f-7264-4c1d94f7bbcc,5,23
fe572754-f9df-aa15-5073-4e7e9407537f,1,3
86d5f16e-2f66-3468-a62f-b1f1ba32d29a,6,25
0da1266a-df30-4667-1463-bea76097da75,20,78
4f9594dc-f08a-e689-bfa0-6040c9ffa1eb,15,62
6b4fed66-9e45-63c8-8fd7-0dd523c80dcb,8,24
12b9de14-750d-fce6-259d-59227a0f49fb,114,478
2231089b-7a50-41aa-00bf-a0fc5dbb5190,22,65
b2f8a9eb-9f5f-b1e8-9a03-0bcd698f8912,6,23
1b76d342-fd63-2e2d-d38c-ecae91d4aa0d,23,101
cb5f79bf-d80c-77a7-69e2-7c160fdad876,139,606
b5e017fc-433e-0fe0-c5e0-97106533a321,100,481
98b62317-fdf6-34f4-2746-a69603bae51d,88,405
1f527660-2bcb-570e-2df3-2ce84986c312,152,693
f6a9562f-098b-c61c-35c5-7285ce87e81f,47,136
2dc42dd4-9a68-c57e-dc12-ad76579948ab,80,337
cfd34396-faeb-c44c-ad61-c73abb6f037c,18,72
a276ea6b-c9d7-d37c-8c89-137b971754ac,45,191
01c7c422-23a7-7ba2-8087-f7d62c313b8b,24,61
74bc1cd0-e3e7-7815-6916-e931b0b613ec,61,223
45301aff-baa6-c5d1-1b84-46d104ee723c,11,43
7dcb216a-12bf-537c-0a4a-912be8edc6de,162,655
ad99f0b1-dfad-0bcc-07be-34b84bcbd195,11,35
326a41ab-a16c-5951-e03e-7cbd75dccff1,2,8
03775e8f-3bf1-aab9-4bca-28cf679255d0,57,256
6542812a-b039-2ea9-7e46-4abf67691637,160,755
603255b8-524b-551e-ef40-70fbb7ab48f1,114,513
8e684fb5-93fe-482a-05ee-34544f37d3e8,19,92
10407c74-8a1d-0a9a-65d3-0db1afd441fb,2,6
1eff14c0-434c-8f08-df1b-46671e441f3b,53,176
c906c4e9-5380-3d5c-2390-a839d7af4252,28,125
c1e8f60e-5fc7-8086-666f-4153c5b3e7f5,2,9
31ef100e-bb89-be39-72da-8043d68b2166,6,15
afbb715b-7eff-0313-211f-c61dc55142ac,408,1780
6083be67-8a8d-5fe8-37fd-707739a0ac13,1,5
d5764d11-0079-2efa-eb04-3e04b7b2de0e,43,173
7f4555d4-5c52-e4e6-d3bf-25b1a3811fff,2,8
404c8b8e-78ed-f2da-912d-03988532834a,13,34
19e370cf-ed6d-6bb7-ae83-e52d105b6069,89,350
a573a5cd-105c-5534-d73d-038d9504ad86,3,10
3346be61-6771-b761-d77d-697a82a0c43b,25,88
84e45264-d356-b1ff-ad26-735a08c49d31,31,140
07c4993f-a658-6c7a-a8f0-30859df90a1f,22,92
0fae17fd-bf1f-d349-3ec1-f63cff467e69,30,126
1da18aae-1c81-8972-080e-5746bc1c8ce1,19,65
3654f797-331c-a049-9bfd-8dc07f3d6169,5,22
a1eb8912-9cf6-9f3a-1199-b4a33ba7044a,10,46
d5e09ba9-94ec-6ef2-fd83-dfe77068c8ed,7,12
a12dadbf-490a-ec7f-b90f-d96f8661eb40,1,4
4979d070-aa6f-e6b6-9eb6-428ebbd2adfe,121,469
c60e5ac0-af3f-cd9a-8b8b-308a073c537f,5,23
a2820276-4ad8-1abe-b4b4-0287617ea435,2,7
c8ea4d32-24d9-5187-d3f9-9edbd20d40bb,19,75
6328aa85-3947-1e2d-4318-973d73c7a77e,22,89
4e053e26-b62e-b669-d994-9e5665fa96d5,13,52
7873cb44-73c8-37fd-190a-3a29d9b0bdcc,46,169
228bbd02-884c-cb91-3249-5e322cfe6f97,12,50
d7f890de-eee6-8323-2242-368b0db993ad,34,129
373d54a2-651b-5964-68fc-a785130dbd00,5,18
7f80514f-9e89-f415-0be5-5cc1b8577cfa,29,115
16b20ab2-6f55-fdb8-7c7c-cce0eb0f747d,27,132
f79769f5-8d78-2b4b-2e22-e30e4fb16103,31,133
00b00e2e-0d18-6260-a86c-dbbc6dd17ddb,101,299
958b0210-a1c2-9308-f828-3c9c300e333a,15,66
a6680f7b-22a2-2e70-f5e7-11a079d384e2,2,10
c1a9cfb1-4a68-64cb-cedf-0d31d2de0673,16,68
9493cd8f-6c89-cc12-0fb4-7e8de0a1bb17,5,12
8e26ab8a-2738-5b6a-f63f-3a229dc8226c,68,259
0aece8e8-3d4c-282d-fd47-f62602e2d3a7,5,21
abb5e7f4-b2f5-173f-f6ec-72622ea595e6,2,7
5163b5eb-604e-42f6-d658-e85d078eb20a,25,73
fba24c10-3184-f226-a36c-5b91e91b933e,13,45
c999de7a-dd08-ade9-cc6c-c38ca600f4e8,57,215
0690dd87-d3ef-411f-062b-4e025787348a,159,621
09dc90b0-3cd5-8bdc-a509-4aee00fe7f6b,4,19
1bb7dcec-be1b-669f-d35c-5bc8c1a4e304,2,4
86157e28-ba87-bfbf-1277-2073bda599f1,180,787
7219d5a6-f479-f665-bf85-fa27b648cc48,59,274
1c8de295-109b-10c4-0954-2c1613e61d08,27,107
e08e24c1-fedc-0dcd-a7b6-ae1a732049de,57,252
99fb97c3-aeec-a2ab-2614-b7db9e59e6fe,192,903
eba22445-a40f-897d-d4f6-958893c689df,72,288
e4f2384a-3f5c-19f5-6871-c40856798f49,2,5
0cdf7333-234a-d193-928f-c3e56470bf84,1,5
c9c5ea75-3f8b-4757-dd5d-bbb2d0abb6e6,111,394
a9169c84-7395-e6ae-3533-504ab15dcc35,237,1062
e378a4e4-5304-cea0-c32a-471c238cdb89,66,257
2821bf1c-1887-20de-8032-fa67c068ba5b,3,11
2138fe81-0e37-3453-ff53-daf98ec20cbb,250,998
b57a7af9-e365-fc85-d2f9-1f3b254cde34,121,478
fdef3ac4-d653-55b9-5ac7-4591814c5c8c,9,44
5ec85275-f354-4f9e-862b-3519c0a1fc84,157,733
edd9aea8-6316-f93b-9f18-1b54d1ab0671,48,213
6ccea50f-de86-5eb9-1234-c4b46f5247dc,281,1001
794beda6-1b81-62ab-c347-264f739aeb5c,17,67
34176dc1-5acc-266d-1120-fe4c634bb6b4,24,112
fb529426-856c-e0f5-2b68-4603628a7c06,87,243
d10f2fa5-1c0b-29d9-1337-77fe8945f9b3,15,63
b1ba83f9-8363-9756-e116-c55e33cf1a80,40,175
a9be413a-bb84-4a15-71b3-37e15931f138,124,397
28e31c7c-8d0b-8603-615b-311fee0372f8,42,158
b176e61a-4fe4-9c73-4e8f-35caa432e429,74,328
f68f8a4b-9c3c-03a6-9ff9-83cc96ad34d7,163,747
27066014-bad7-9f58-5a30-f63fe03718f6,67,295
18100232-c96b-aa3d-a8b8-ee4b042a0080,15,47
99d1c8ec-d2e2-dd45-07d7-096ceb4cad15,110,305
3a74c23e-9eb8-123f-18ce-278f24c4bd95,203,886
b3ed2384-8efe-07b1-6a4e-c0f89c4859af,18,83
730c50dd-2050-6f8e-cc06-3ef3b05f27d6,4,20
a8a8104a-96c9-6a64-b2ce-f3ca748654ce,447,1933
e7d38ee7-9829-4fcf-a143-88c2438d8ea2,1,1
83f02832-a159-f99d-4874-c14218772ba8,7,29
0e55c16c-f1bd-4cfb-f0ca-48474c8d1b71,373,1299
df240c6c-8db6-afbf-3e8d-0c1ebc4818db,12,56
69d04198-990b-0266-ac1e-9e36da44e754,3,11
17c90350-1f3e-90ee-3958-741531b3e0e9,1,3
05487508-3144-4320-c2c4-5462f8444d77,3,11
a820fdca-b1aa-9733-022a-7f45b41bdc2a,62,271
089d9513-3829-1cfd-f5cb-5b7bf36cff07,32,113
69e32e6d-8319-dec2-9b9f-80bb9ebfa057,40,136
89190383-b677-0c2b-2621-0a34876e92e6,14,66
2c11efcb-afbd-fc72-c957-f9f268ab8f4b,277,1110
3fdb7dbb-3122-241b-7703-ac7898460fdf,24,76
77ed9c7e-b9cd-f2a0-0d4d-63865c2e8e78,2,8
29134efd-d82b-23e9-7bc5-ae7e9f93258a,53,239
718abb10-c477-63b4-9c05-49c08aa34c85,35,135
00b5c377-615a-8807-0792-01120e389804,39,173
d9a2ce4a-1f1d-c4ee-e0a6-4577a576e90f,13,57
66051f0b-8736-559b-9e17-81e5dd7c2a9f,129,509
0d599108-693c-b35f-8af2-76be68b37b40,19,78
33b14999-d739-ab69-e034-009fc6bd00bf,57,268
2c5466f3-3729-42bf-edc0-253ef02130a7,31,127
63e7f3bf-8cc2-b789-db9a-81ac127cc0a9,1,3
5cec5b52-b28b-08f9-b78e-129c78daa6d7,21,66
c1752159-88a5-48a5-5e51-bf24f68e11a2,5,22
7244227b-116c-d09e-10ac-78cf568d7fdb,44,181
b2e7323b-0586-297d-7b99-b45bd70f28df,103,464
5192b8c3-392c-8a96-607f-82f65b771144,82,357
f1af4603-0cf6-396b-dfde-2892cdd815f7,3,15
bff181ce-6367-5f71-5441-1b1997520322,4,16
28f328cf-2df8-b52d-a8e4-fdcf131af837,23,106
fea3a9e5-085e-5c5e-8f30-aaaee9fe4c2a,3,9
4c8bb62f-9320-e286-c182-33564a3fbf9f,11,49
aebd8268-9985-1017-ba52-922be5d3f441,230,1106
3e2ffc3b-3225-b9e0-0f26-aa2e9fecd5dc,58,183
089df178-be04-8cc5-ca45-c4527efe092e,9,37
bbdf9bf7-7214-8082-913d-fd3b471f983b,8,29
12f81e11-8de9-2804-41fe-d0bc454653c1,87,355
f8c031f5-48d9-eb66-ff09-d936e94e2592,43,167
7433d9b6-d63f-fe04-9301-45a947d77988,20,69
7a2b9467-b9d1-58aa-cb7d-1d4427a0b1c0,74,215
3776f97d-be9c-8a34-9483-4c251c27c801,3,14
1564c6d7-cd87-6c48-3966-c00bfec4dbc0,32,125
1857547e-42c0-e63e-fa86-b3e19064bc40,1,5
e9aaeda8-4fc7-a74e-fc1f-96c266b65a81,13,43
9969f9a7-c397-8677-8485-8c302507a584,92,407
e5391b67-2bdd-5f3a-aacb-e2776931f3fc,39,109
9039be05-953d-fe8c-b9cd-e29b88de09ec,203,886
d2339d2f-9bc0-f3d4-fe85-613accc3e936,10,46
05411a3c-6c3c-6881-dc60-ab630ea02b1b,27,121
5d219784-8d9a-8584-d598-639299f63606,136,594
bc1f92a2-a154-c48a-742a-f8b90210486a,1,4
34b5339a-c83b-ce24-0845-7db2c716e40f,13,48
a8d71f38-3a13-cefd-a910-a561fa8dc0dd,169,763
f07b3195-210c-07c4-e991-4c78a5cd7b27,9,17
4a52c9f8-ccec-7570-a445-5ba472e5f4b6,20,93
1b80f808-3b9f-e5a3-d9b7-a35cfb0d9b07,506,1548
6bb12433-b0a9-9c4a-8d09-439fb89b4711,31,138
d1677cc3-a042-7cd1-78f9-870b7bbb731f,164,675
386cbe67-f717-aa7b-99d7-b1b5dd7c364b,44,136
051606c3-9886-ef60-43ee-2d222d8acef7,211,609
79e455f3-8da9-3ef8-93d4-01b16bf53e59,192,769
4666dfdc-738d-467e-8b2d-8ea4921a1f79,1,4
bd483d3a-fa5d-5623-ed90-7eefa99f9498,18,65
35073af4-a6c6-c25a-3d43-415b8bdacfbf,12,41
1ab2f2cd-ce58-caac-ffac-44fe0cee4124,2,2
6a3a341e-956c-82ca-c33f-cc32eac500fc,86,394
a36f5b58-a368-4c3c-6a35-5a29b8303728,7,30
9c8ab2f1-04fb-45a0-a365-342136765713,42,176
68dfe30a-df1d-d417-ddfe-18d5d7eabcd6,20,85
4291d92a-10a7-562e-0c9e-95d511fa2672,16,26
52ca37ff-9369-60d8-5233-2bb24a673e14,74,332
e39bea53-1d43-90fc-25a4-43bbd17f46fd,313,1314
d35c2cbf-0058-98c2-a252-477ea5470173,2,8
9c09faa5-a83f-628c-73d2-b249cd3a1d8e,60,223
4b54a39e-d504-86fe-b963-4a193790d3b7,21,97
3d5414f0-e063-87e6-153a-76d9c1e6c435,59,252
acf91e01-a6f5-c67d-761d-11df67a4c888,54,246
8dd4139a-8cd8-02a9-7d25-a6118f7c1e29,53,196
ed9095c0-0e07-3784-3dda-4c3921c6a805,158,601
d558d8ce-5d5e-7eaf-b4af-5219c85d5b0a,16,71
5aae3ab5-82d6-8e76-12da-ceded9ae6e0e,3,9
1d2c2fb6-5683-1ee9-d196-d2fb9f55feae,6,24
3ea29bf7-89e8-e643-fc1b-50372e97b10f,4,19
3cc80098-a07f-4405-526c-6f87e41551b8,4,17
4ffb2b30-1891-a54b-dfe5-89d5f4bcabd3,233,1061
a09dad05-85fa-8d40-a316-6f9823029c1b,102,341
fbc33f0a-9482-c389-ba31-c3c7598d9694,382,1508
7acdc988-4ce8-7298-5b08-cd28fa07c9a6,1,4
b9693a4a-d764-7782-bfad-b1cc3353ce84,226,785
cb5ca8f3-058d-a395-e245-e80dec01bc7b,104,382
b991525b-3969-c173-0dfb-937b04c6be80,84,335
42a2e3e0-35a1-415f-287a-ac3abbcfc691,87,416
98572060-71a3-d055-cc53-9004bc8b86b1,10,40
026d72ca-1b43-2e8d-55eb-bff779a9a9a7,86,174
6c7b9a3d-b528-36c7-92b4-9d28cd3e2239,18,80
40b67c94-8762-f223-3e87-1cf37d702d1d,84,326
bb62d770-f168-5ae7-cdea-a14ec700cac1,18,62
96c751ab-7f5b-ff59-890b-e798e4ef3433,136,575
493aaba3-cc0f-ed71-5e18-c1fcade32798,98,417
d6a255a0-acdc-0279-7c3c-a13c28a66b83,67,290
cef5c4bb-644b-d9a2-c91b-6e86aa3ba0a6,14,36
b910724b-d2f5-ce3d-0135-33ae41c86f36,40,192
3641e453-2bf8-b091-26ff-cb3645e0af67,6,13
83c9505d-b335-05f1-3fed-2d8e9bc43ddc,43,164
f821a84a-639f-cc7a-6aa3-9a89c23c28ed,166,643
379d43f2-7129-9d68-6ebc-d9502491d05a,11,48
55247d43-497f-9f99-f418-3d98f3519f7d,80,378
8ae51739-1eea-01db-193d-3d1691c7c14d,67,224
56c5f385-c2fd-bdcd-2155-11b1e1059030,112,380
57421d2c-bb79-2869-60cf-772c8e822996,125,393
832c04d5-8b6a-2684-c48a-09a76cba14d6,13,48
d11e6d0f-3cf7-f2a2-6ac5-ef07f7e55be0,30,134
f2a8cd03-c08b-5673-3acf-f98e94520ff9,545,2247
0b29da72-4fdf-d366-35eb-e546721f0b97,10,48
2b9ac804-74d0-2be2-c36f-0dba7ca7f630,48,215
c895392a-0852-dd21-42e9-7802961d7408,95,447
a3bcf414-132f-dae3-662d-d9f003abd833,4,4
a8914452-fc2f-e342-8c65-68362685a883,111,394
30848512-1499-b644-7fec-c432f22070f3,28,105
52ecd744-7083-851b-61cf-03afdabd4a7d,25,105
23727ade-d7a8-827b-e070-4cfecec839ed,151,708
dce71b37-620b-a9a2-3ae1-4101cc0335f8,23,95
7b588e1e-286c-1a62-32fd-84bc72f79907,4,13
2b1c29db-f9ca-73e0-b910-b978491790ba,23,90
706a4091-e7ef-7631-667e-56d4800bc280,770,3465
b3e7c8a5-9097-41e1-5c3d-61237361df9b,24,90
e8c16efc-416d-39dc-b063-65fe866a6a88,23,97
37a96417-a318-52ea-b7df-9737c24d7c9e,11,37
c37f0514-1058-25a6-bde2-91fa24b1494c,16,61
15da802f-8d99-043f-4859-3a696fb530ae,2,4
3ec3f20b-c989-2520-7fb6-dd37e0a9ad50,87,387
fdc4e779-7ba4-be01-69db-45caca6eff68,6,26
51e86ed2-f898-2683-1818-a1693d7c68c4,63,273
d2c1255a-287e-5ee4-ffb1-5fb49271ea67,108,409
808c4c4f-521a-dd3f-64e8-2eb8489d38da,76,317
a806b14f-8704-1e51-3797-4ccf5edcfbda,6,24
5d7b4dd0-fe5f-ac23-c579-6fdfddfed44c,70,266
852eba9d-b564-6b1f-a6ae-12259c140713,56,223
82027f51-66d6-82ae-fb2e-8b735641b2ab,12,47
3fa90f84-7881-1e3e-8ca4-027da60f6914,11,53
e9e0765c-eb73-595f-6119-c9e168ad3e70,141,563
681fb037-7dd3-4dfb-6f6e-7223e5117a22,22,84
c671f3b1-ccd6-13a6-73b2-2e5d05b90c90,88,400
3c419976-ef7a-c250-bd7d-125c670b6139,106,480
6e270225-ac17-01e8-6547-ea5f73bd3037,5,20
ff95d37b-4703-8771-ab85-2ccc9994241e,34,133
933fcfc2-2a8e-d122-a554-dc4c558769dc,367,1520
17405fd8-50ce-7030-c494-67d71b2be15f,173,798
3b0e8a84-790d-e829-e0fc-1e49b2278d50,65,252
cb0d2e1d-7925-10f3-7b67-465864c3dc2e,3,9
44cd2c2e-cbd5-e81a-1d28-12be6eb2ed59,3,8
c9345e81-271b-1fa3-e369-592f6ed689aa,54,230
cc1b7bce-5635-1698-36f7-7d72b26c04fa,1,4
408660fb-521b-b790-2167-65937cc1acaa,291,1358
465503a2-980f-73ed-705a-1590455ff69c,67,306
a9a792ed-4d43-7677-48e2-18b58d74e72b,1,4
afa25c78-181f-6bc3-f1af-7b485a22e2d2,5,21
1a98ed55-f245-8b09-bb05-cdd4bee4ee49,12,28
edd8de19-35f7-e614-65c0-490a9f6a09d6,1,5
78bbd39f-01e7-66c2-7981-bf771b58313f,11,40
0ba304cb-3564-b694-5cb7-80ddd2dcc0ea,58,245
cc6ed94f-1ee4-d306-5918-7638e01068bc,385,1801
b14104c7-aa2a-a29e-5668-31baedf740e1,3,10
519c4446-7b7b-7f3e-3c6a-564b1ad77f0d,23,83
f2644bc0-1808-9eed-b282-a6fbeec59aa9,2,9
c76d3809-faa0-8bb2-9c2d-cc6f02a8b353,68,291
a648004f-1e44-92c7-77ee-880dcbf82de8,1,5
b0c837d7-9323-8e8b-df2c-eb0958091c3f,8,29
37ec7239-4930-56b0-217a-bab24bbd109d,127,564
90b33f69-6885-d49a-d379-ba5dab608862,20,83
fc0dacd1-0678-93e9-bf19-a3a57ecbcfed,52,219
88b261e5-f0c1-ccdc-29ac-c1823fedd195,110,351
f048b93d-5b11-8590-af5e-2bda2458fd25,3,15
4c654e92-dc08-0452-a9fa-3e983ea45eaa,4,14
6f0fae76-cdaf-b3b0-e689-72af21c81f45,104,469
1c661645-01a8-d746-0607-d63ce2c67925,439,1556
0231aec3-d9b6-4347-d234-5bae0abe136a,19,89
a08a220e-62c5-cbd8-cddd-6d4495a2fce9,10,32
582162d7-cf6a-7e3b-ee65-be7dbf42de10,53,203
7bc86000-a540-d39f-0ee1-27e50ec4b15b,100,372
ac22963a-49ce-4cd5-a99c-db458b30aacc,29,101
95311a3d-e728-2b6d-1593-1476353e4c58,209,913
307a2002-6cef-544e-827b-67ee48f71b5f,147,581
a69becb5-d9a8-1c29-bd91-77267d356838,15,70
6377a84c-53db-a79e-1624-15b1ba062108,54,230
29b69679-e5b9-98d4-0b34-4a7a563a0b80,216,1008
a2fff7b2-92de-4a9c-5a84-8e5e561fe31b,35,132
d65d0a5c-ec43-eda1-8ac4-0c3c5548dcb9,2,8
7ffabbad-020c-534c-ce4e-fb760d29a44d,1,4
766fc2f6-bde0-bc1d-d99d-59f43b9689cc,54,243
24cd2fe6-25de-a2d3-8f00-3dff2ecd1a4a,20,70
4d5c4a85-2353-a523-0622-ff852a46e3fc,102,446
2361b903-4c2c-3107-5783-6f997515c6ad,171,805
c103510e-80f0-d59c-f324-8fe2d622f7c5,8,30
86d84796-6009-f027-9585-4840e24ee418,61,204
dab80912-eb07-964f-fc3d-ee8baa1fee14,75,274
0ffe58a6-45b4-9f40-1730-5b58b50a1e2c,137,415
6cf3cc0b-5179-acd8-9d80-c34f6925dd76,78,354
a0414a30-6aec-7801-9092-a4f989793d9a,30,111
e8831a7d-0f74-8a67-526c-a1625e834392,23,92
1634dbbc-c803-5a94-722d-328ecd9ea78b,12,43
81e456cf-c1ca-d722-e89e-fabc5562d768,11,43
9f83bfcd-8aad-ce2b-b7aa-9cb66ce531b9,44,193
8e5e5728-d4cc-378a-0a57-fa0429588983,30,105
a81f193d-8f26-9538-946d-11340ddb7ef7,13,51
e093ad66-16e7-0ba1-efa6-907e82e7732c,11,36
07766b6c-3704-e3d8-13af-2f8adb94d9d8,79,378
3affa1d4-4ded-bf1a-eaa0-6c7ea1550271,12,37
b0ac5c6c-73e9-ff70-1131-f469e007a9cb,3,11
6ce157b7-6921-65a2-39a4-5dc47d052221,12,39
de918030-5ac6-c240-4c04-908411ee6f2b,44,178
b382db4d-2bff-12d1-4eea-0e59d59dbeb3,68,291
43e19188-7fdb-5346-519d-11e4b107db25,150,508
a1819d7e-7175-d148-6715-60a77554adbb,116,473
7c8cd3ba-072a-22cf-a60f-6a3fa78bd274,23,108
e0422783-ab3a-a1bd-9a53-880ad286c3a9,78,263
83b73ed7-e4fa-3dc4-c75c-56aa1ece58ff,32,105
84062d85-92eb-18ea-6824-23afe1ef3ca3,23,96
34b41426-3f48-89b0-2b43-7c1948c08559,32,135
0c335375-c792-aa69-256b-98c6c7766047,50,165
bf02dcfe-dc2d-54f8-373d-c5bc8513c06d,14,59
b7d56c5c-e79f-7f55-2b1e-08f4b9d17162,112,306
f470db0c-60ee-c793-d5c8-0e49f3d1aa34,233,970
4f7b9295-7d38-4691-ce1d-6a8a77aa06be,11,38
66116cdd-f9ea-b48b-01dd-c0c291f4888c,8,33
24d1bf72-4f79-ae2d-f368-2ac5d53d4a66,12,53
0ee1d78f-30c7-2bd2-3652-dce014773b23,171,756
62ababd7-5c22-1c71-32af-e9c1db5b7431,23,106
07826ae9-54c5-7f11-4fd4-ec51ee5e19e9,59,240
45e347dc-2cb3-7731-fb18-5a4bbfd9245b,21,25
5a8554f7-9c71-6479-6926-05ff995692f4,13,52
532a4caf-d7e6-8a9a-7a54-4a2fa049d585,14,51
e4ae7ae9-ec1a-68fd-ae6e-9cec520a1dff,152,489
be5d29f5-dbb7-dd90-db43-28ac1d7a16a2,34,155
7364dfb3-c543-e6b7-3f90-8c87df5dd4de,24,59
292a0b02-571f-b131-6c21-7d33d5f0f616,27,128
fdd7a740-6309-ebfd-eeb1-25ad6688e369,16,61
1ab874d5-eead-5b3b-0c79-e691b4f95002,51,227
3eea5ebb-6be2-9bdc-68e2-cabf89070855,6,25
89572c86-9476-7b95-c6bf-5641c49619b3,11,36
89b2bd6e-6570-52b2-ff15-50e3f37ddd03,3,5
b71f79be-3fc3-13b8-2066-4b66bd4f87ee,32,107
a40073e1-35e4-519c-3f94-1602eb5271da,4,19
5a521de4-5da5-acfa-fddc-22e16be4452a,20,75
c33acc11-31be-aad4-d180-7354457c9186,1,5
a8361988-e9c6-d58e-7c12-85ea30dd391a,7,24
65628e37-516c-d735-d8f3-04159d477d40,32,153
950bef3e-2d20-cb57-d3c5-213ff1814299,2,8
c6e3239d-b5c5-fe32-306c-d84bc01cf7ba,2,10
be166517-c016-a644-6290-4d8864fc7042,60,278
26c3720c-ee00-70e8-60e4-a1b15b9799c6,10,38
583f5bfa-2b7d-2914-ac1f-16a572168e35,10,42
1077cebc-1117-b732-b029-cb94473e1d5a,26,101
3483c551-7a24-ace9-e372-c1519ff65ea4,7,32
d5c039b2-d6b4-6eae-bef0-1bb6d038ffa4,11,42
05dbfb6b-35c7-7bfe-a0eb-27db71b92ba9,5,16
dcdbd1f5-05db-997a-dced-648a8cd57d0a,127,615
65304429-8733-de36-05d7-8fecec779148,38,164
3ba8dd58-9bd4-986d-0b85-a09609889f9e,21,85
e42b2ba0-4344-8e6a-88a1-5ef8adf41b6a,56,260
6a0d1ffc-fa63-6079-c56f-b0a430045b92,53,248
14ea7c97-a047-3ec7-1bc8-dfa4af849503,3,6
5c87d576-3906-32a3-8b49-5ceb4634f887,3,11
2026eca1-9ddc-04ca-1e94-419766433091,57,239
ce8dc78b-30aa-01b6-778a-a7aebe8faddd,78,325
c3c92087-2e61-c809-7eff-b7e722b40d7e,27,95
7b090758-3299-7a2c-20f9-9f410e8478ab,3,8
68731055-8db2-e940-c91a-45c351722751,3,13
569e1950-ab66-9822-4a68-21300bc57225,1,5
b7cd696d-ae4e-6bf8-333b-05911ef7f8ac,151,568
7e486aba-b077-4afd-1013-4785febe40b9,46,167
b0cc7106-6cbb-5849-3de8-ae366fc9cc3b,731,2552
1297fc5f-17a5-def1-1f81-d794fecc464e,472,2074
812c643d-a3dc-f1ac-5bbd-ebbb53487031,128,598
9320e253-bb8d-8278-b98f-b958463ed542,3,10
4385a959-99f6-c8d3-a78f-86d026666ac3,86,364
8d554369-71d9-40e4-8652-775ee846e9d4,75,300
87289101-5b9a-e8fe-c06f-b0351a345572,40,174
6ff8aca1-efe3-d5ad-e62e-327b4294e533,3,13
c93a7eb8-2766-091b-7e74-160d55f71256,13,62
214153b1-ff89-022a-b059-b5a0b9629916,25,116
99fd98e4-d819-0010-2ffd-ccffccb8cf77,42,157
21ff238c-186f-1d7a-492b-b3b448a9b5e6,174,765
bdc654bc-a4c1-9fe3-5e18-a025e2aea80e,13,27
ff6ba80d-4192-bf41-9dc3-2371c7ff8caf,18,65
74360cc1-1d4d-5cc1-f0af-f10a94822b99,5,21
d252ba35-f48b-0f7f-29ab-0649c56b1d75,5,18
fcb510a8-4609-33ae-f633-f84009fed09f,126,514
15abf9e0-1273-2613-0456-fd9785bb80de,6,20
28522afd-4472-ef15-5c46-1f359d4e18f6,6,19
7a331918-f048-4cca-24cb-5a12b081970b,37,134
03567f33-4637-6413-2ede-8d76577f779a,1,3
88eb5ff7-6c5c-fe62-0fbf-37bd806dbc34,24,95
62f39c31-1800-ff5d-4c43-3b7631e187fd,2,9
0dc67a4b-1788-3822-6db8-ffe2cab5cbc5,4,17
03cfb81d-6c6c-4dc0-15c9-82aab3f490dd,10,39
d8a883d5-d22d-3fff-8814-feb9946c599b,17,59
c16f6fd4-fc3b-f14c-2d1d-b45582584fbe,5,20
cd8c8aab-fca0-dbbb-78d2-a456c5b2b7af,10,33
49044f51-7c52-a370-9625-9cb1bf945905,104,435
2b26d1d1-1316-2740-0c48-889b6b60460f,310,981
583d3035-3001-90ca-a543-c20747634c45,150,662
131cc743-b539-38b5-7594-8e9b0a643f9c,1,2
9e61248e-b407-5981-a8e3-09fd934f08a8,1,3
534baa00-3d32-dbba-fb58-ad88a47b2e17,24,108
059ef536-9614-bb21-456c-effbe1c03cf2,24,108
48b73367-70d3-d9c4-9a73-1bb5da93d1ad,6,22
eee17b99-4487-7ae5-cc0a-cc180f0a8e98,43,195
adde3e9e-a338-08be-1c06-bd160d7e5958,142,536
e1f1f35a-87a7-9c9d-664f-6bb4e228f51d,7,23
f84df4ce-2b48-9e4c-0a84-fc062e915067,30,131
dcc2bb41-d038-8969-d828-5d87a194230b,82,282
2c07c29e-909b-fb1f-21df-5db35ffa45a3,356,1528
8c1c7faa-3860-5e02-7bfe-4cca8c26a8f7,3,13
120abf4c-2b26-00da-b930-d480229929a3,138,624
351c9704-0410-e66d-d0c3-24d1084197ce,10,50
c3b37466-3d06-7836-bad2-c642bd352358,186,868
1e5be4e5-d589-5493-db5f-e3fa74ec365f,2,9
5f5624d2-19ae-63bf-b804-bedc25b7072e,25,85
d27aa6b6-7bdb-6df0-5944-48a398d8be2c,6,30
cd21e339-83f5-d2d0-5031-b4643658d103,51,205
09b4514f-8737-05ce-3194-96785d9eeb35,36,122
ce7f206b-29ce-a02e-01af-484e75c91027,444,2101
4f798f56-09ab-2665-45a3-2aabf75c0f62,10,50
84ac7031-7f9d-3f4e-8a10-b277ba63c196,157,660
784e8e22-da87-4855-63dc-a1aea7575271,12,41
78bb2f44-2434-8e6c-061b-a95f175b2a58,15,44
404f03d3-6562-677e-a07c-8be67571fb40,268,1185
b3e65afa-a4d6-6260-546d-da3c255a9279,17,55
e4cf6c6d-5303-19f1-9fea-503ab03bf3ce,29,121
0177da79-7088-d57b-ecd3-ceeec2fbc991,171,607
82086c4c-14e7-1c71-2c57-86befedaeaf3,122,444
94ec64cf-1ec4-bcd9-c283-1003ef7e55c0,65,279
79f92842-57d5-237d-5763-48a1a970b79e,63,273
15af4ad2-a5e2-bbf9-3487-42487a82a56c,1,3
97ba0dc4-4585-29db-5bd2-0409d90acb01,84,319
b97d5227-b02a-2857-b4d8-929b3d4145f8,242,1115
0c258b0e-23b6-fa8b-50fc-9836ae2c4224,14,63
96c42f7a-23f3-a957-6abc-9af39c9a92ea,5,21
bd0e4ebd-c5fa-ef91-c30a-27cb3b41c482,57,196
f656b266-c671-7ae9-f991-84963a35e212,4,17
46b3d0b7-4b02-bdd6-d2b8-5bb22ae95973,10,39
826c8470-0090-4d29-0329-3cb172340bf7,16,65
c6244666-330a-004b-cc69-a85d62770bce,79,347
e591b6ef-a17f-a799-dc48-06c701a30d3d,19,74
533d204a-8d49-bd55-4151-118e97a77a88,22,110
60253afb-89fb-ff47-6248-cc6e746ccaa4,10,40
5a604f9f-578e-7ce7-fea6-7603be70d05b,79,351
c227444e-c5e7-629c-9b40-5877e9a017bf,108,482
af83833c-67ac-fdd5-0ac6-319aef0719b6,3,7
a0238f78-147a-b492-5f6f-86ff89ca0407,11,46
8b73203a-84b3-ed1f-b1e9-ac25654df70e,18,79
e16e9aa7-2f68-dd4f-afa4-4975785998ce,85,386
aaf11774-b2cd-72fa-66da-15c3ab5811f6,55,140
5eeb1261-34e7-94c8-2102-57a50f712732,18,81
f52142fe-8ec9-fd83-b5de-1dc612893fee,172,757
d1379dd5-8a48-8e18-a812-63cffd2f8d25,55,174
be472f6c-78e5-4b43-84d3-dadd79488f72,1,2
a8f78255-a5b5-7c59-47b2-2a6c388fb872,35,108
0ad17113-67ce-0a78-8d7b-2e715cc9fa8a,132,541
606d6bad-4fb0-eb0b-7d42-248766ba8c1b,32,132
a24d1bd9-aa0b-26a3-13c7-54f1680c7afe,7,24
f35149a5-0867-6391-8f54-505f6ccbf0f7,44,210
64934878-d23a-a676-6c84-61924c5980cf,15,58
fd6f0b33-25f1-c3fa-2e74-0a3acb1a0307,18,82
ca875697-2570-9ce3-f333-40daf5784610,97,429
074bf50f-cfd8-1348-fd12-12d9132aa729,18,69
d27f7644-c93c-18b6-f038-b113a2628015,145,628
d5684f5c-5ee8-1939-4ac8-cf17652e5504,20,90
f750836b-f1a0-d5ff-9ba9-56b596973af1,121,469
db5cd0c1-7a27-a83c-0da2-fdf18c576243,7,32
dceaf1a3-79cd-44dd-3a14-a8633d8b9329,51,214
d23cfecd-d15a-db74-8166-b38a6bdf213d,62,259
cfb3949a-f650-f207-389e-606434191dfe,106,465
447b3c2f-381b-6a0c-4f3e-0ac513c1181c,1,3
c83cec5f-f476-7a3c-42b3-b3164b2cfb08,50,220
8ae94f73-8bf2-5adc-5d85-67463d0b2fac,143,492
711399a3-842c-6bc5-67ae-4708073fe6aa,63,241
1ed372af-a6ea-b2c1-1136-5a6395651408,472,2074
67212a6f-e35c-9e29-3b09-3ec47c8873b2,189,898
28a83307-00ee-219b-eb4a-ca784b8fe747,36,122
6d7aa7b0-8082-8dd1-5fd0-244c9bcda30c,35,141
f223497f-c4f1-6893-1f46-9c479c5452ae,8,32
c83f58a7-8d55-4f9e-65a4-8105cdf45d11,15,45
e366f426-da4a-7ae0-d669-c47d86d57d2a,11,37
55137c7e-0e28-69e3-7e2c-721b4f4fd478,52,225
0f95a821-c730-a636-3866-aa8edda85a56,16,60
6b58614a-961a-9fc6-b30e-03920cfb406e,217,844
a50546e8-ce8a-e7cb-d46e-0b35050aa293,11,52
766a4cc3-cac2-1798-6c25-41d156b91874,1,5
0caa368e-e0d7-2566-f8e3-1a4b9757ff2f,28,111
4e7e2cdc-0312-231d-3d9a-00186570b19c,3,12
add1068f-bba4-c1cb-4d30-5079a627d03e,93,422
db4717b0-8631-756f-ac6a-b6f9a3bda39c,224,918
e5c662a0-fb35-c5c9-d62a-9eb9ef577490,179,727
326ed915-330d-caae-213c-90f21f090e71,29,136
ec74f02f-ceaa-1987-3d8f-19c898b0c3f1,135,494
464db021-9f36-1016-3559-4fb19e8ae546,119,462
f880f783-cba4-0700-f10f-934c85c7526a,252,1128
02ae59d0-7bcb-755f-7d07-f0abdaa28b81,54,224
